{"1": [[214.1664, 192.99996, 261.00032, 224.83332000000001, 1.0], [74.83328, 160.49988, 224.0, 267.4998, 1.0]], 
"2": [], 
"3": [[15.166656, 197.49996, 80.16640000000001, 233.49996000000002, 1.0], [52.250048, 215.49996, 85.49951999999999, 254.5002, 3.0]], 
"4": [], 
"5": [], 
"6": [], 
"7": [[171.33312, 188.49996000000002, 243.8336, 240.66647999999998, 1.0]], 
"8": [], 
"9": [], 
"10": [], 
"11": [], 
"12": [], 
"13": [], 
"14": [], 
"15": [], 
"16": [], 
"17": [], 
"18": [], 
"19": [[282.49984, 192.99996, 307.50016, 215.24976, 3.0]], 
"20": [], 
"21": [], 
"22": [], 
"23": [], 
"24": [], 
"25": [], 
"26": [], 
"27": [], 
"28": [], 
"29": [], 
"30": [], 
"31": [[259.66656, 181.16676, 285.33312, 210.83327999999997, 1.0]], 
"32": [], 
"33": [[167.83296, 196.3332, 194.83328, 219.6666, 1.0], [98.66624, 197.1666, 136.49984, 222.1668, 1.0], [1.6666687999999998, 177.33348, 75.16672, 298.50012, 1.0]], 
"34": [], 
"35": [], 
"36": [], 
"37": [[158.66624, 200.00016000000002, 182.1664, 218.16683999999998, 1.0], [0.16666688, 181.00007999999997, 99.00031999999999, 292.5, 1.0], [193.50016, 200.75004, 215.25056, 217.00008000000003, 1.0]], 
"38": [], 
"39": [[290.99968, 145.6668, 330.0, 264.83328, 1.0], [158.83328, 197.49996, 192.0, 220.83336, 1.0]], 
"40": [[330.0, 145.6668, 142.33344, 264.83328, 1.0]]}